<?xml version="1.0" encoding="UTF-8"?><MD_Metadata xmlns:xlink="http://www.w3.org/1999/xlink" xmlns:srv="http://www.isotc211.org/2005/srv" xmlns:gts="http://www.isotc211.org/2005/gts" xmlns:xalan="http://xml.apache.org/xalan" xmlns:gco="http://www.isotc211.org/2005/gco" xmlns:gml="http://www.opengis.net/gml" xmlns:xsi="http://www.w3.org/2001/XMLSchema-instance" xmlns="http://www.isotc211.org/2005/gmd">
    <fileIdentifier>
        <gco:CharacterString>1570120324288r15112857460343165</gco:CharacterString>
    </fileIdentifier>
    <characterSet>
        <MD_CharacterSetCode codeList="http://www.isotc211.org/2005/resources/Codelist/gmxCodelists.xml#MD_CharacterSetCode" codeListValue="utf8" codeSpace="ISOTC211/19115">utf8</MD_CharacterSetCode>
    </characterSet>
    <hierarchyLevel>
        <MD_ScopeCode codeList="http://www.isotc211.org/2005/resources/Codelist/gmxCodelists.xml#MD_ScopeCode" codeListValue="dataset" codeSpace="ISOTC211/19115">dataset</MD_ScopeCode>
    </hierarchyLevel>
    <hierarchyLevelName>
        <gco:CharacterString>dataset</gco:CharacterString>
    </hierarchyLevelName>
    <contact>
        <CI_ResponsibleParty>
            <organisationName>
                <gco:CharacterString>City of Asheville</gco:CharacterString>
            </organisationName>
            <role>
                <CI_RoleCode codeList="http://www.isotc211.org/2005/resources/Codelist/gmxCodelists.xml#CI_RoleCode" codeListValue="pointOfContact" codeSpace="ISOTC211/19115">pointOfContact</CI_RoleCode>
            </role>
        </CI_ResponsibleParty>
    </contact>
    <dateStamp>
        <gco:Date>2019-10-03</gco:Date>
    </dateStamp>
    <metadataStandardName>
        <gco:CharacterString>ISO 19139 Geographic Information - Metadata - Implementation Specification</gco:CharacterString>
    </metadataStandardName>
    <metadataStandardVersion>
        <gco:CharacterString>2007</gco:CharacterString>
    </metadataStandardVersion>
    <identificationInfo>
        <MD_DataIdentification>
            <citation>
                <CI_Citation>
                    <title>
                        <gco:CharacterString>Climate Risk Asheville</gco:CharacterString>
                    </title>
                    <date>
                        <CI_Date>
                            <date>
                                <gco:Date>2019-10-03</gco:Date>
                            </date>
                            <dateType>
                                <CI_DateTypeCode codeList="http://www.isotc211.org/2005/resources/Codelist/gmxCodelists.xml#CI_DateTypeCode" codeListValue="publication" codeSpace="ISOTC211/19115">publication</CI_DateTypeCode>
                            </dateType>
                        </CI_Date>
                    </date>
                </CI_Citation>
            </citation>
            <abstract>
                <gco:CharacterString>NEMAC Climate Resilience/Risk Raw DataLandslide, Flood and Wildfire Risk, 7 layers in total.Assessment Report: https://drive.google.com/file/d/1X_Gr4eUCmkXPOzAcvyxCe-uZPkX84Byz/viewThe assessment report give field names, data source information and metadata.For Asheville's Climate Resource guide please visit: https://www.ashevillenc.gov/news/asheville-climate-change-guide-release-and-renewable-energy-initiative-draft-plan/Open Data - to download, use the Download Filtered Dataset option to download the individual layers.</gco:CharacterString>
            </abstract>
            <purpose>
                <gco:CharacterString>NEMAC Climate Risk Data</gco:CharacterString>
            </purpose>
            <credit>
                <gco:CharacterString>City of Asheville</gco:CharacterString>
            </credit>
            <descriptiveKeywords>
                <MD_Keywords>
                    <keyword>
                        <gco:CharacterString>Climate Risk</gco:CharacterString>
                    </keyword>
                    <keyword>
                        <gco:CharacterString>Risk</gco:CharacterString>
                    </keyword>
                    <keyword>
                        <gco:CharacterString>Climate</gco:CharacterString>
                    </keyword>
                    <keyword>
                        <gco:CharacterString>Flooding</gco:CharacterString>
                    </keyword>
                    <keyword>
                        <gco:CharacterString>Flood</gco:CharacterString>
                    </keyword>
                    <keyword>
                        <gco:CharacterString>Landslide</gco:CharacterString>
                    </keyword>
                    <keyword>
                        <gco:CharacterString>Wildfire</gco:CharacterString>
                    </keyword>
                    <keyword>
                        <gco:CharacterString>Environmental</gco:CharacterString>
                    </keyword>
                </MD_Keywords>
            </descriptiveKeywords>
            <descriptiveKeywords>
                <MD_Keywords>
                    <keyword>
                        <gco:CharacterString>Climate Risk</gco:CharacterString>
                    </keyword>
                    <keyword>
                        <gco:CharacterString>Risk</gco:CharacterString>
                    </keyword>
                    <keyword>
                        <gco:CharacterString>Climate</gco:CharacterString>
                    </keyword>
                    <keyword>
                        <gco:CharacterString>Flooding</gco:CharacterString>
                    </keyword>
                    <keyword>
                        <gco:CharacterString>Flood</gco:CharacterString>
                    </keyword>
                    <keyword>
                        <gco:CharacterString>Landslide</gco:CharacterString>
                    </keyword>
                    <keyword>
                        <gco:CharacterString>Wildfire</gco:CharacterString>
                    </keyword>
                    <keyword>
                        <gco:CharacterString>Environmental</gco:CharacterString>
                    </keyword>
                </MD_Keywords>
            </descriptiveKeywords>
            <descriptiveKeywords>
                <MD_Keywords>
                    <keyword>
                        <gco:CharacterString>Climate Risk</gco:CharacterString>
                    </keyword>
                    <keyword>
                        <gco:CharacterString>Risk</gco:CharacterString>
                    </keyword>
                    <keyword>
                        <gco:CharacterString>Climate</gco:CharacterString>
                    </keyword>
                    <keyword>
                        <gco:CharacterString>Flooding</gco:CharacterString>
                    </keyword>
                    <keyword>
                        <gco:CharacterString>Flood</gco:CharacterString>
                    </keyword>
                    <keyword>
                        <gco:CharacterString>Landslide</gco:CharacterString>
                    </keyword>
                    <keyword>
                        <gco:CharacterString>Wildfire</gco:CharacterString>
                    </keyword>
                    <keyword>
                        <gco:CharacterString>Environmental</gco:CharacterString>
                    </keyword>
                </MD_Keywords>
            </descriptiveKeywords>
            <descriptiveKeywords>
                <MD_Keywords>
                    <keyword>
                        <gco:CharacterString>Climate Risk</gco:CharacterString>
                    </keyword>
                    <keyword>
                        <gco:CharacterString>Risk</gco:CharacterString>
                    </keyword>
                    <keyword>
                        <gco:CharacterString>Climate</gco:CharacterString>
                    </keyword>
                    <keyword>
                        <gco:CharacterString>Flooding</gco:CharacterString>
                    </keyword>
                    <keyword>
                        <gco:CharacterString>Flood</gco:CharacterString>
                    </keyword>
                    <keyword>
                        <gco:CharacterString>Landslide</gco:CharacterString>
                    </keyword>
                    <keyword>
                        <gco:CharacterString>Wildfire</gco:CharacterString>
                    </keyword>
                    <keyword>
                        <gco:CharacterString>Environmental</gco:CharacterString>
                    </keyword>
                </MD_Keywords>
            </descriptiveKeywords>
            <descriptiveKeywords>
                <MD_Keywords>
                    <keyword>
                        <gco:CharacterString>Climate Risk</gco:CharacterString>
                    </keyword>
                    <keyword>
                        <gco:CharacterString>Risk</gco:CharacterString>
                    </keyword>
                    <keyword>
                        <gco:CharacterString>Climate</gco:CharacterString>
                    </keyword>
                    <keyword>
                        <gco:CharacterString>Flooding</gco:CharacterString>
                    </keyword>
                    <keyword>
                        <gco:CharacterString>Flood</gco:CharacterString>
                    </keyword>
                    <keyword>
                        <gco:CharacterString>Landslide</gco:CharacterString>
                    </keyword>
                    <keyword>
                        <gco:CharacterString>Wildfire</gco:CharacterString>
                    </keyword>
                    <keyword>
                        <gco:CharacterString>Environmental</gco:CharacterString>
                    </keyword>
                </MD_Keywords>
            </descriptiveKeywords>
            <descriptiveKeywords>
                <MD_Keywords>
                    <keyword>
                        <gco:CharacterString>Climate Risk</gco:CharacterString>
                    </keyword>
                    <keyword>
                        <gco:CharacterString>Risk</gco:CharacterString>
                    </keyword>
                    <keyword>
                        <gco:CharacterString>Climate</gco:CharacterString>
                    </keyword>
                    <keyword>
                        <gco:CharacterString>Flooding</gco:CharacterString>
                    </keyword>
                    <keyword>
                        <gco:CharacterString>Flood</gco:CharacterString>
                    </keyword>
                    <keyword>
                        <gco:CharacterString>Landslide</gco:CharacterString>
                    </keyword>
                    <keyword>
                        <gco:CharacterString>Wildfire</gco:CharacterString>
                    </keyword>
                    <keyword>
                        <gco:CharacterString>Environmental</gco:CharacterString>
                    </keyword>
                </MD_Keywords>
            </descriptiveKeywords>
            <descriptiveKeywords>
                <MD_Keywords>
                    <keyword>
                        <gco:CharacterString>Climate Risk</gco:CharacterString>
                    </keyword>
                    <keyword>
                        <gco:CharacterString>Risk</gco:CharacterString>
                    </keyword>
                    <keyword>
                        <gco:CharacterString>Climate</gco:CharacterString>
                    </keyword>
                    <keyword>
                        <gco:CharacterString>Flooding</gco:CharacterString>
                    </keyword>
                    <keyword>
                        <gco:CharacterString>Flood</gco:CharacterString>
                    </keyword>
                    <keyword>
                        <gco:CharacterString>Landslide</gco:CharacterString>
                    </keyword>
                    <keyword>
                        <gco:CharacterString>Wildfire</gco:CharacterString>
                    </keyword>
                    <keyword>
                        <gco:CharacterString>Environmental</gco:CharacterString>
                    </keyword>
                </MD_Keywords>
            </descriptiveKeywords>
            <descriptiveKeywords>
                <MD_Keywords>
                    <keyword>
                        <gco:CharacterString>Climate Risk</gco:CharacterString>
                    </keyword>
                    <keyword>
                        <gco:CharacterString>Risk</gco:CharacterString>
                    </keyword>
                    <keyword>
                        <gco:CharacterString>Climate</gco:CharacterString>
                    </keyword>
                    <keyword>
                        <gco:CharacterString>Flooding</gco:CharacterString>
                    </keyword>
                    <keyword>
                        <gco:CharacterString>Flood</gco:CharacterString>
                    </keyword>
                    <keyword>
                        <gco:CharacterString>Landslide</gco:CharacterString>
                    </keyword>
                    <keyword>
                        <gco:CharacterString>Wildfire</gco:CharacterString>
                    </keyword>
                    <keyword>
                        <gco:CharacterString>Environmental</gco:CharacterString>
                    </keyword>
                </MD_Keywords>
            </descriptiveKeywords>
            <resourceConstraints>
                <MD_Constraints>
                    <useLimitation>
                        <gco:CharacterString>PPDL</gco:CharacterString>
                    </useLimitation>
                </MD_Constraints>
            </resourceConstraints>
            <language>
                <LanguageCode codeList="http://www.loc.gov/standards/iso639-2/php/code_list.php" codeListValue="eng" codeSpace="ISO639-2">eng</LanguageCode>
            </language>
            <characterSet>
                <MD_CharacterSetCode codeList="http://www.isotc211.org/2005/resources/Codelist/gmxCodelists.xml#MD_CharacterSetCode" codeListValue="utf8" codeSpace="ISOTC211/19115">utf8</MD_CharacterSetCode>
            </characterSet>
            <topicCategory>
                <MD_TopicCategoryCode>location</MD_TopicCategoryCode>
            </topicCategory>
            <topicCategory>
                <MD_TopicCategoryCode>planningCadastre</MD_TopicCategoryCode>
            </topicCategory>
            <topicCategory>
                <MD_TopicCategoryCode>society</MD_TopicCategoryCode>
            </topicCategory>
            <topicCategory>
                <MD_TopicCategoryCode>structure</MD_TopicCategoryCode>
            </topicCategory>
            <extent>
                <EX_Extent>
                    <geographicElement>
                        <EX_GeographicBoundingBox>
                            <westBoundLongitude>
                                <gco:Decimal>-82.71440644926668</gco:Decimal>
                            </westBoundLongitude>
                            <eastBoundLongitude>
                                <gco:Decimal>-82.42016446024874</gco:Decimal>
                            </eastBoundLongitude>
                            <southBoundLatitude>
                                <gco:Decimal>35.42724372103476</gco:Decimal>
                            </southBoundLatitude>
                            <northBoundLatitude>
                                <gco:Decimal>35.668553908170566</gco:Decimal>
                            </northBoundLatitude>
                        </EX_GeographicBoundingBox>
                    </geographicElement>
                </EX_Extent>
            </extent>
        </MD_DataIdentification>
    </identificationInfo>
</MD_Metadata>
